pid,file_name,label,location,_date,month_str,year,type,notes,teams,game_info,player_info,inventoried
Alma_Record_September_16_1920,Alma_Record_September_16_1920.jpg,Alma Record,"Alma, Michigan, US",16/09/1920,September,1920,JPG,,,,,n
Battle_Creek_Enquirer_June_17_1928,Battle_Creek_Enquirer_June_17_1928.jpg,Battle Creek Enquirer,"Battle Creek, Michigan, US",17/06/1928,June,1928,JPG,,"Studebakers, and Fox Colored Giants",u,u,y
Battle_Creek_Enquirer_June_18_1928,Battle_Creek_Enquirer_June_18_1928.jpg,Battle Creek Enquirer,"Battle Creek, Michigan, US",18/06/1928,June,1928,JPG,,"Kelloggs, and Studebakers",n,y,y
Calumet_News_April_16_1913,Calumet_News_April_16_1913.jpg,Calumet News,"Calumet, Michigan, US",16/04/1913,April,1913,JPG,,"""St. Joseph Team"", ""Athletics"", ""South Bend Team"", ""White Sox"", ""Grand Rapids Franchise""",n,n,y
Daily_Monitor_April_01_1941,Daily_Monitor_April_01_1941.jpg,Daily Monitor,"Mount Clemens, Michigan, US",1/4/1941,April,1941,JPG,,,,,n
Daily_Monitor_February_04_1941,Daily_Monitor_February_04_1941.jpg,Daily Monitor,"Mount Clemens, Michigan, US",4/2/1941,February,1941,JPG,,,,,n
Daily_Monitor_February_12_1941,Daily_Monitor_February_12_1941.jpg,Daily Monitor,"Mount Clemens, Michigan, US",12/2/1941,February,1941,JPG,,,,,n
Daily_Monitor_February_18_1941,Daily_Monitor_February_18_1941.jpg,Daily Monitor,"Mount Clemens, Michigan, US",18/02/1941,February,1941,JPG,,,,,n
Daily_Monitor_January_21_1941,Daily_Monitor_January_21_1941.jpg,Daily Monitor,"Mount Clemens, Michigan, US",21/01/1941,January,1941,JPG,,,,,n
Daily_Monitor_March_04_1941,Daily_Monitor_March_04_1941.jpg,Daily Monitor,"Mount Clemens, Michigan, US",4/3/1941,March,1941,JPG,,,,,n
Detroit_Times_June_15_1915,Detroit_Times_June_15_1915.jpg,Detroit Times,"Detroit, Michigan, US",15/06/1915,June,1915,JPG,,"""Studebaker Team from Detroit"" and ""Studebaker Team from South Bend""",n,n,y
Herald_Press_October_22_1926,Herald_Press_October_22_1926.jpg,Herald Press,"St. Joseph, Michigan, US",22/10/1926,October,1926,JPG,,"Studebaker's Colored Giants, House of David's baseball team",n,y,y
Indianapolis_Times_April_20_1934,Indianapolis_Times_April_20_1934.jpg,Indianapolis Times,"Indianapolis, Indiana, US",20/04/1934,April,1934,JPG,,,,,n
Indianapolis_Times_February_20_1934,Indianapolis_Times_February_20_1934.jpg,Indianapolis Times,"Indianapolis, Indiana, US",20/02/1934,February,1934,JPG,,,,,n
Indianapolis_Times_January_19_1934,Indianapolis_Times_January_19_1934.jpg,Indianapolis Times,"Indianapolis, Indiana, US",19/01/1934,January,1934,JPG,,,,,n
Indianapolis_Times_March_09_1934,Indianapolis_Times_March_09_1934.jpg,Indianapolis Times,"Indianapolis, Indiana, US",9/3/1934,March,1934,JPG,,,,,n
Indianapolis_Times_May_11_1932,Indianapolis_Times_May_11_1932.jpg,Indianapolis Times,"Indianapolis, Indiana, US",11/5/1932,May,1932,JPG,,,,,n
Indianapolis_Times_November_08_1930,Indianapolis_Times_November_08_1930.jpg,Indianapolis Times,"Indianapolis, Indiana, US",8/11/1930,November,1930,JPG,,,,,n
Indianapolis_Times_September_12_1929,Indianapolis_Times_September_12_1929.jpg,Indianapolis Times,"Indianapolis, Indiana, US",12/9/1929,September,1929,JPG,,,,,n
Indianapolis_Times_September_27_1928,Indianapolis_Times_September_27_1928.jpg,Indianapolis Times,"Indianapolis, Indiana, US",27/09/1928,September,1928,JPG,,"Philedelphia A's, Studebaker team",y,n,y
Michigan_Chronicle_March_13_1943,Michigan_Chronicle_March_13_1943.jpg,Michigan Chronicle,"Detroit, Michigan, US",13/03/1943,March,1943,JPG,,,,,n
Richmond_Palladium_Sun_Telegram_February_06_1922,Richmond_Palladium_Sun_Telegram_February_06_1922.jpg,Richmond Palladium and Sun Telegram,"Richmond, Indiana, US",6/2/1922,February,1922,JPG,,,,,n
Richmond_Palladium_Sun_Telegram_February_08_1922,Richmond_Palladium_Sun_Telegram_February_08_1922.jpg,Richmond Palladium and Sun Telegram,"Richmond, Indiana, US",8/2/1922,February,1922,JPG,,,,,n
Richmond_Palladium_Sun_Telegram_February_09_1922,Richmond_Palladium_Sun_Telegram_February_09_1922.jpg,Richmond Palladium and Sun Telegram,"Richmond, Indiana, US",9/2/1922,February,1922,JPG,,,,,n
Richmond_Palladium_Sun_Telegram_January_31_1922,Richmond_Palladium_Sun_Telegram_January_31_1922.jpg,Richmond Palladium and Sun Telegram,"Richmond, Indiana, US",31/01/1922,January,1922,JPG,,,,,n
SB_New_Times_July_22_1938,SB_New_Times_July_22_1938.jpg,South Bend News Times,"South Bend, Indiana, US",22/07/1938,July,1938,JPG,,,,,n
SB_New_Times_September_20_1916,SB_New_Times_September_20_1916.jpg,South Bend News Times,"South Bend, Indiana, US",20/09/1916,September,1916,JPG,,,,,n
SB_News_Times_April_13_1914,SB_News_Times_April_13_1914.jpg,South Bend News Times,"South Bend, Indiana, US",13/04/1914,April,1914,JPG,,,,,n
SB_News_Times_April_14_1919,SB_News_Times_April_14_1919.jpg,South Bend News Times,"South Bend, Indiana, US",14/04/1919,April,1919,JPG,,,,,n
SB_News_Times_April_26_1917,SB_News_Times_April_26_1917.jpg,South Bend News Times,"South Bend, Indiana, US",26/04/1917,April,1917,JPG,,,,,n
SB_News_Times_April_3_1917,SB_News_Times_April_3_1917.jpg,South Bend News Times,"South Bend, Indiana, US",3/4/1917,April,1917,JPG,,,,,n
SB_News_Times_April_30_1926,SB_News_Times_April_30_1926.jpg,South Bend News Times,"South Bend, Indiana, US",30/04/1926,April,1926,JPG,,,,,n
SB_News_Times_August_01_1920,SB_News_Times_August_01_1920.jpg,South Bend News Times,"South Bend, Indiana, US",1/8/1920,August,1920,JPG,,,,,n
SB_News_Times_August_03_1916,SB_News_Times_August_03_1916.jpg,South Bend News Times,"South Bend, Indiana, US",3/8/1916,August,1916,JPG,,,,,n
SB_News_Times_August_09_1913,SB_News_Times_August_09_1913.jpg,South Bend News Times,"South Bend, Indiana, US",9/8/1913,August,1913,JPG,,,,,n
SB_News_Times_August_1_1920,SB_News_Times_August_1_1920.jpg,South Bend News Times,"South Bend, Indiana, US",1/8/1920,August,1920,JPG,,,,,n
SB_News_Times_August_10_1921,SB_News_Times_August_10_1921.jpg,South Bend News Times,"South Bend, Indiana, US",10/8/1921,August,1921,JPG,,,,,n
SB_News_Times_August_13_1922,SB_News_Times_August_13_1922.jpg,South Bend News Times,"South Bend, Indiana, US",13/08/1922,August,1922,JPG,,,,,n
SB_News_Times_August_19_1920,SB_News_Times_August_19_1920.jpg,South Bend News Times,"South Bend, Indiana, US",19/08/1920,August,1920,JPG,,,,,n
SB_News_Times_August_20_1922,SB_News_Times_August_20_1922.jpg,South Bend News Times,"South Bend, Indiana, US",20/08/1922,August,1922,JPG,,,,,n
SB_News_Times_August_24_1922,SB_News_Times_August_24_1922.jpg,South Bend News Times,"South Bend, Indiana, US",24/08/1922,August,1922,JPG,,,,,n
SB_News_Times_August_28_1914,SB_News_Times_August_28_1914.jpg,South Bend News Times,"South Bend, Indiana, US",28/08/1914,August,1914,JPG,,,,,n
SB_News_Times_August_30_1916,SB_News_Times_August_30_1916.jpg,South Bend News Times,"South Bend, Indiana, US",30/08/1916,August,1916,JPG,,,,,n
SB_News_Times_August_31_1919,SB_News_Times_August_31_1919.jpg,South Bend News Times,"South Bend, Indiana, US",31/08/1919,August,1919,JPG,,,,,n
SB_News_Times_August_31_1921,SB_News_Times_August_31_1921.jpg,South Bend News Times,"South Bend, Indiana, US",31/08/1921,August,1921,JPG,,,,,n
SB_News_Times_December_07_1918,SB_News_Times_December_07_1918.jpg,South Bend News Times,"South Bend, Indiana, US",7/12/1918,December,1918,JPG,,,,,n
SB_News_Times_February_04_1918,SB_News_Times_February_04_1918.jpg,South Bend News Times,"South Bend, Indiana, US",4/2/1918,February,1918,JPG,,"Studebaker team, All-Star team of Mishawaka ",n,y,y
SB_News_Times_February_12_1919,SB_News_Times_February_12_1919.jpg,South Bend News Times,"South Bend, Indiana, US",12/2/1919,February,1919,JPG,,,,,n
SB_News_Times_February_19_1917,SB_News_Times_February_19_1917.jpg,South Bend News Times,"South Bend, Indiana, US",19/02/1917,February,1917,JPG,,,,,n
SB_News_Times_February_26_1922,SB_News_Times_February_26_1922.jpg,South Bend News Times,"South Bend, Indiana, US",26/02/1922,February,1922,JPG,,,,,n
SB_News_Times_January_03_1914,SB_News_Times_January_03_1914.jpg,South Bend News Times,"South Bend, Indiana, US",3/1/1914,January,1914,JPG,,,,,n
SB_News_Times_January_25_1922,SB_News_Times_January_25_1922.jpg,South Bend News Times,"South Bend, Indiana, US",25/01/1922,January,1922,JPG,,,,,n
SB_News_Times_January_29_1922,SB_News_Times_January_29_1922.jpg,South Bend News Times,"South Bend, Indiana, US",29/01/1922,January,1922,JPG,,,,,n
SB_News_Times_July_04_1913,SB_News_Times_July_04_1913.jpg,South Bend News Times,"South Bend, Indiana, US",4/7/1913,July,1913,JPG,"Springbrook Park, Singer Park, Mishawaka Park","Studebakers, Dodge Indestructos, Singers, South Bend Watch Company, Mish. Woolen Co., South Bend Plow Co.",n,n,y
SB_News_Times_July_05_1913,SB_News_Times_July_05_1913.jpg,South Bend News Times,"South Bend, Indiana, US",5/7/1913,July,1913,JPG,Includes league standings and upcoming games in the Manufacturer's League,"Singers, Studebakers, Ball Bands, Dodges, Watch Co., Plow Co.",n,n,y
SB_News_Times_July_08_1914,SB_News_Times_July_08_1914.jpg,South Bend News Times,"South Bend, Indiana, US",8/7/1914,July,1914,JPG,,,,,n
SB_News_Times_July_09_1914,SB_News_Times_July_09_1914.jpg,South Bend News Times,"South Bend, Indiana, US",9/7/1914,July,1914,JPG,"""President Dailey of the Factory League""",Mishawaka Ball Bands and South Bend,n,n,y
SB_News_Times_July_10_1913,SB_News_Times_July_10_1913.jpg,South Bend News Times,"South Bend, Indiana, US",10/7/1913,July,1913,JPG,Standings of the Manufacturers' League,"Singers, Studebakers, Dodge, Ball Bands, Watch Co., Plow Co.",y,n,y
SB_News_Times_July_10_1914,SB_News_Times_July_10_1914.jpg,South Bend News Times,"South Bend, Indiana, US",10/7/1914,July,1914,JPG,,,,,n
SB_News_Times_July_11_1913,SB_News_Times_July_11_1913.jpg,South Bend News Times,"South Bend, Indiana, US",11/7/1913,July,1913,JPG,"Includes standings of league, other scheduled games. Also mentions games played at Singer Park, Springbrook Park and Mishawaka Park. An ad for these games calls it the ""Manufacturers' League"". Article also mentions some rules put in place where players must be employed at least 30 days at their factory before being eligible to play. Maybe a rule put in place to prevent excessive movement of players? It also mentions a ""president of the league.""","Singers, Studebakers, Ball Bands, Dodges, Watch Co., Plow Co.",n,n,y
SB_News_Times_July_14_1914,SB_News_Times_July_14_1914.jpg,South Bend News Times,"South Bend, Indiana, US",14/07/1914,July,1914,JPG,,,,,n
SB_News_Times_July_17_1914,SB_News_Times_July_17_1914.jpg,South Bend News Times,"South Bend, Indiana, US",17/07/1914,July,1914,JPG,,,,,n
SB_News_Times_July_18_1920,SB_News_Times_July_18_1920.jpg,South Bend News Times,"South Bend, Indiana, US",18/07/1920,July,1920,JPG,,,,,n
SB_News_Times_July_25_1920,SB_News_Times_July_25_1920.jpg,South Bend News Times,"South Bend, Indiana, US",25/07/1920,July,1920,JPG,,"Studebaker, Dodge, Hoosier Creams ",y,y,y
SB_News_Times_July_27_1921,SB_News_Times_July_27_1921.jpg,South Bend News Times,"South Bend, Indiana, US",27/07/1921,July,1921,JPG,,,,,n
SB_News_Times_July_9_1914,SB_News_Times_July_9_1914.jpg,South Bend News Times,"South Bend, Indiana, US",9/7/1914,July,1914,JPG,"""President Dailey of the Factory League""",Mishawaka Ball Bands and South Bend,n,n,y
SB_News_Times_July_y_25_1913_pg10,SB_News_Times_July_y_25_1913_pg10.jpg,South Bend News Times,"South Bend, Indiana, US",25/07/1913,July,1913,JPG,Pg. 10,,,,n
SB_News_Times_July_y_25_1913_pg6,SB_News_Times_July_y_25_1913_pg6.jpg,South Bend News Times,"South Bend, Indiana, US",25/07/1913,July,1913,JPG,Pg. 6,,,,n
SB_News_Times_June_03_1922,SB_News_Times_June_03_1922.jpg,South Bend News Times,"South Bend, Indiana, US",3/6/1922,June,1922,JPG,,,,,n
SB_News_Times_June_18_1922,SB_News_Times_June_18_1922.jpg,South Bend News Times,"South Bend, Indiana, US",18/06/1922,June,1922,JPG,,,,,n
SB_News_Times_June_23_1922,SB_News_Times_June_23_1922.jpg,South Bend News Times,"South Bend, Indiana, US",23/06/1922,June,1922,JPG,,,,,n
SB_News_Times_June_24_1917,SB_News_Times_June_24_1917.jpg,South Bend News Times,"South Bend, Indiana, US",24/06/1917,June,1917,JPG,,,,,n
SB_News_Times_March_04_1920,SB_News_Times_March_04_1920.jpg,South Bend News Times,"South Bend, Indiana, US",4/3/1920,March,1920,JPG,,,,,n
SB_News_Times_March_11_1919,SB_News_Times_March_11_1919.jpg,South Bend News Times,"South Bend, Indiana, US",11/3/1919,March,1919,JPG,,"Studebaker Nine, Wilson Brothers Team ",n,y,y
SB_News_Times_March_17_1914,SB_News_Times_March_17_1914.jpg,South Bend News Times,"South Bend, Indiana, US",17/03/1914,March,1914,JPG,,,,,n
SB_News_Times_March_23_1914,SB_News_Times_March_23_1914.jpg,South Bend News Times,"South Bend, Indiana, US",23/03/1914,March,1914,JPG,,,,,n
SB_News_Times_March_30_1914,SB_News_Times_March_30_1914.jpg,South Bend News Times,"South Bend, Indiana, US",30/03/1914,March,1914,JPG,,,,,n
SB_News_Times_May_07_1914,SB_News_Times_May_07_1914.jpg,South Bend News Times,"South Bend, Indiana, US",7/5/1914,May,1914,JPG,,,,,n
SB_News_Times_May_13_1917,SB_News_Times_May_13_1917.jpg,South Bend News Times,"South Bend, Indiana, US",13/05/1917,May,1917,JPG,,,,,n
SB_News_Times_May_14_1917,SB_News_Times_May_14_1917.jpg,South Bend News Times,"South Bend, Indiana, US",14/05/1917,May,1917,JPG,,,,,n
SB_News_Times_May_18_1917,SB_News_Times_May_18_1917.jpg,South Bend News Times,"South Bend, Indiana, US",18/05/1917,May,1917,JPG,,,,,n
SB_News_Times_May_29_1914,SB_News_Times_May_29_1914.jpg,South Bend News Times,"South Bend, Indiana, US",29/05/1914,May,1914,JPG,,,,,n
SB_News_Times_May_30_1920,SB_News_Times_May_30_1920.jpg,South Bend News Times,"South Bend, Indiana, US",30/05/1920,May,1920,JPG,,,,,n
SB_News_Times_November_29_1913,SB_News_Times_November_29_1913.jpg,South Bend News Times,"South Bend, Indiana, US",29/11/1913,November,1913,JPG,,,,,n
SB_News_Times_October_06_1913,SB_News_Times_October_06_1913.jpg,South Bend News Times,"South Bend, Indiana, US",6/10/1913,October,1913,JPG,,,,,n
SB_News_Times_October_07_1918,SB_News_Times_October_07_1918.jpg,South Bend News Times,"South Bend, Indiana, US",7/10/1918,October,1918,JPG,,,,,n
SB_News_Times_September_08_1921,SB_News_Times_September_08_1921.jpg,South Bend News Times,"South Bend, Indiana, US",8/9/1921,September,1921,JPG,,,,,n
SB_News_Times_September_09_1915,SB_News_Times_September_09_1915.jpg,South Bend News Times,"South Bend, Indiana, US",9/9/1915,September,1915,JPG,Game played at Singer Park,"""Detroit Team"" and the ""Studebakers""",n,n,y
SB_News_Times_September_12_1919,SB_News_Times_September_12_1919.jpg,South Bend News Times,"South Bend, Indiana, US",12/9/1919,September,1919,JPG,,,,,n
SB_News_Times_September_18_1919,SB_News_Times_September_18_1919.jpg,South Bend News Times,"South Bend, Indiana, US",18/09/1919,September,1919,JPG,,,,,n
SB_News_Times_September_19_1916,SB_News_Times_September_19_1916.jpg,South Bend News Times,"South Bend, Indiana, US",19/09/1916,September,1916,JPG,,,,,n
SB_News_Times_September_26_1927,SB_News_Times_September_26_1927.jpg,South Bend News Times,"South Bend, Indiana, US",26/09/1927,September,1927,JPG,,,,,n
SB_Tribune_April_11_1903_(1),SB_Tribune_April_11_1903_(1).jpg,South Bend Tribune,"South Bend, Indiana, US",11/4/1903,April,1903,JPG,,,,,n
SB_Tribune_April_11_1903,SB_Tribune_April_11_1903.jpg,South Bend Tribune,"South Bend, Indiana, US",11/4/1903,April,1903,JPG,,,,,n
SB_Tribune_April_11_1910,SB_Tribune_April_11_1910.jpg,South Bend Tribune,"South Bend, Indiana, US",11/4/1910,April,1910,JPG,,,,,n
SB_Tribune_April_13_1903,SB_Tribune_April_13_1903.jpg,South Bend Tribune,"South Bend, Indiana, US",13/04/1903,April,1903,JPG,,,,,n
SB_Tribune_April_13_1904,SB_Tribune_April_13_1904.jpg,South Bend Tribune,"South Bend, Indiana, US",13/04/1904,April,1904,JPG,,,,,n
SB_Tribune_April_14_1902,SB_Tribune_April_14_1902.jpg,South Bend Tribune,"South Bend, Indiana, US",14/04/1902,April,1902,JPG,"Mentions game played between Chicago American League team and ND collegiate team; also includes regional baseball scores (Iowa, Indiana, Michigan, Illinois); mentions Greens players going to Battle Creek, Tribune mentioning they're going to do more covering local baseball teams (request for teams to send info)","Notre Dame, Chicago American league team",n,y,y
SB_Tribune_April_14_1903,SB_Tribune_April_14_1903.jpg,South Bend Tribune,"South Bend, Indiana, US",14/04/1903,April,1903,JPG,,,,,n
SB_Tribune_April_15_1902,SB_Tribune_April_15_1902.jpg,South Bend Tribune,"South Bend, Indiana, US",15/04/1902,April,1902,JPG,"Mentions game played between Chicago American League team and ND collegiate team; also includes regional baseball scores (Iowa, Indiana, Michigan, Illinois); mentions Greens players going to Battle Creek, Tribune mentioning they're going to do more covering local baseball teams (request for teams to send info)","Notre Dame, Chicago American league team",y,y,y
SB_Tribune_April_15_1903,SB_Tribune_April_15_1903.jpg,South Bend Tribune,"South Bend, Indiana, US",15/04/1903,April,1903,JPG,,,,,n
SB_Tribune_April_15_1904,SB_Tribune_April_15_1904.jpg,South Bend Tribune,"South Bend, Indiana, US",15/04/1904,April,1904,JPG,"Discusses game played between ND collegiate team and South Bend local team, includes photo of Terre Haute team","Notre Dame, South Bend, Terre Haute",y,y,y
SB_Tribune_April_16_1902,SB_Tribune_April_16_1902.jpg,South Bend Tribune,"South Bend, Indiana, US",16/04/1902,April,1902,JPG,"Mentions game played between Chicago American League team and ND collegiate team; also includes regional baseball scores (Iowa, Indiana, Michigan, Illinois); mentions Greens players going to Battle Creek, Tribune mentioning they're going to do more covering local baseball teams (request for teams to send info)","Notre Dame, Chicago American league team",y,y,y
SB_Tribune_April_16_1904,SB_Tribune_April_16_1904.jpg,South Bend Tribune,"South Bend, Indiana, US",16/04/1904,April,1904,JPG,"Mentions game played between ND, South Bend local team, Grand Rapids team","Notre Dame, South Bend, Grand Rapids",y,y,y
SB_Tribune_April_21_1899,SB_Tribune_April_21_1899.jpg,South Bend Tribune,"South Bend, Indiana, US",21/04/1899,April,1899,JPG,"Discusses game played between ND collegiate team and South Bend local team, includes photo of Terre Haute team","Notre Dame, South Bend",y,y,y
SB_Tribune_April_22_1903,SB_Tribune_April_22_1903.jpg,South Bend Tribune,"South Bend, Indiana, US",22/04/1903,April,1903,JPG,,"Notre Dame, Purdue, South Bend Greens",y,y,y
SB_Tribune_April_23_1903,SB_Tribune_April_23_1903.jpg,South Bend Tribune,"South Bend, Indiana, US",23/04/1903,April,1903,JPG,,,,,n
SB_Tribune_April_24_1902,SB_Tribune_April_24_1902.jpg,South Bend Tribune,"South Bend, Indiana, US",24/04/1902,April,1902,JPG,,,,,n
SB_Tribune_April_24_1903,SB_Tribune_April_24_1903.jpg,South Bend Tribune,"South Bend, Indiana, US",24/04/1903,April,1903,JPG,,,,,n
SB_Tribune_April_25_1903_(1),SB_Tribune_April_25_1903_(1).jpg,South Bend Tribune,"South Bend, Indiana, US",25/04/1903,April,1903,JPG,,,,,n
SB_Tribune_April_25_1903,SB_Tribune_April_25_1903.jpg,South Bend Tribune,"South Bend, Indiana, US",25/04/1903,April,1903,JPG,,,,,n
SB_Tribune_April_26_1902,SB_Tribune_April_26_1902.jpg,South Bend Tribune,"South Bend, Indiana, US",26/04/1902,April,1902,JPG,,,,,n
SB_Tribune_April_27_1903_(1),SB_Tribune_April_27_1903_(1).jpg,South Bend Tribune,"South Bend, Indiana, US",27/04/1903,April,1903,JPG,,,,,n
SB_Tribune_April_27_1903,SB_Tribune_April_27_1903.jpg,South Bend Tribune,"South Bend, Indiana, US",27/04/1903,April,1903,JPG,,,,,n
SB_Tribune_April_28_1902,SB_Tribune_April_28_1902.jpg,South Bend Tribune,"South Bend, Indiana, US",28/04/1902,April,1902,JPG,,,,,n
SB_Tribune_April_28_1903,SB_Tribune_April_28_1903.jpg,South Bend Tribune,"South Bend, Indiana, US",28/04/1903,April,1903,JPG,,,,,n
SB_Tribune_April_29_1899,SB_Tribune_April_29_1899.jpg,South Bend Tribune,"South Bend, Indiana, US",29/04/1899,April,1899,JPG,,,,,n
SB_Tribune_April_29_1903,SB_Tribune_April_29_1903.jpg,South Bend Tribune,"South Bend, Indiana, US",29/04/1903,April,1903,JPG,,,,,n
SB_Tribune_April_3_1903,SB_Tribune_April_3_1903.jpg,South Bend Tribune,"South Bend, Indiana, US",3/4/1903,April,1903,JPG,Mentions Saturday meeting for Christian Association members interested in baseball team,YMCA team,n,n,y
SB_Tribune_April_4_1902,SB_Tribune_April_4_1902.jpg,South Bend Tribune,"South Bend, Indiana, US",4/4/1902,April,1902,JPG,,,,,n
SB_Tribune_April_4_1903,SB_Tribune_April_4_1903.jpg,South Bend Tribune,"South Bend, Indiana, US",4/4/1903,April,1903,JPG,Mentions game between Chapin Parks and ND Minims (score 22-21),"Chapin Parks of South Bend, Notre Dame Minims",y,n,y
SB_Tribune_April_7_1902,SB_Tribune_April_7_1902.jpg,South Bend Tribune,"South Bend, Indiana, US",7/4/1902,April,1902,JPG,"Discusses game played between ND collegiate team and ""South Bend Hubs"" (which included players from Greens and other local players); ND won 23-4","Notre Dame, South Bend Hubs, Greens",y,y,y
SB_Tribune_April_7_1911,SB_Tribune_April_7_1911.jpg,South Bend Tribune,"South Bend, Indiana, US",7/4/1911,April,1911,JPG,,,,,n
SB_Tribune_April_9_1904,SB_Tribune_April_9_1904.jpg,South Bend Tribune,"South Bend, Indiana, US",9/4/1904,April,1904,JPG,,,,,n
SB_Tribune_April_9_1992,SB_Tribune_April_9_1992.jpg,South Bend Tribune,"South Bend, Indiana, US",9/4/1992,April,1992,JPG,,,,,n
SB_Tribune_August_1_1903,SB_Tribune_August_1_1903.jpg,South Bend Tribune,"South Bend, Indiana, US",1/8/1903,August,1903,JPG,,,,,n
SB_Tribune_August_10_1903_(1),SB_Tribune_August_10_1903_(1).jpg,South Bend Tribune,"South Bend, Indiana, US",10/8/1903,August,1903,JPG,,,,,n
SB_Tribune_August_10_1903_(2),SB_Tribune_August_10_1903_(2).jpg,South Bend Tribune,"South Bend, Indiana, US",10/8/1903,August,1903,JPG,,,,,n
SB_Tribune_August_10_1903,SB_Tribune_August_10_1903.jpg,South Bend Tribune,"South Bend, Indiana, US",10/8/1903,August,1903,JPG,,,,,n
SB_Tribune_August_12_1902,SB_Tribune_August_12_1902.jpg,South Bend Tribune,"South Bend, Indiana, US",12/8/1902,August,1902,JPG,,,,,n
SB_Tribune_August_12_1903_3,SB_Tribune_August_12_1903_3.jpg,South Bend Tribune,"South Bend, Indiana, US",12/8/1903,August,1903,JPG,Pg. 3,,,,n
SB_Tribune_August_12_1903_7,SB_Tribune_August_12_1903_7.jpg,South Bend Tribune,"South Bend, Indiana, US",12/8/1903,August,1903,JPG,Pg. 7,,,,n
SB_Tribune_August_13_1903,SB_Tribune_August_13_1903.jpg,South Bend Tribune,"South Bend, Indiana, US",13/08/1903,August,1903,JPG,,,,,n
SB_Tribune_August_13_1904,SB_Tribune_August_13_1904.jpg,South Bend Tribune,"South Bend, Indiana, US",13/08/1904,August,1904,JPG,,,,,n
SB_Tribune_August_14_1902,SB_Tribune_August_14_1902.jpg,South Bend Tribune,"South Bend, Indiana, US",14/08/1902,August,1902,JPG,,,,,n
SB_Tribune_August_14_1903,SB_Tribune_August_14_1903.jpg,South Bend Tribune,"South Bend, Indiana, US",14/08/1903,August,1903,JPG,,,,,n
SB_Tribune_August_14_1919,SB_Tribune_August_14_1919.jpg,South Bend Tribune,"South Bend, Indiana, US",14/08/1919,August,1919,JPG,,,,,n
SB_Tribune_August_17_1904,SB_Tribune_August_17_1904.jpg,South Bend Tribune,"South Bend, Indiana, US",17/08/1904,August,1904,JPG,,,,,n
SB_Tribune_August_17_1940,SB_Tribune_August_17_1940.jpg,South Bend Tribune,"South Bend, Indiana, US",17/08/1940,August,1940,JPG,,,,,n
SB_Tribune_August_18_1904,SB_Tribune_August_18_1904.jpg,South Bend Tribune,"South Bend, Indiana, US",18/08/1904,August,1904,JPG,,,,,n
SB_Tribune_August_2_1902,SB_Tribune_August_2_1902.jpg,South Bend Tribune,"South Bend, Indiana, US",2/8/1902,August,1902,JPG,,,,,n
SB_Tribune_August_21_1902,SB_Tribune_August_21_1902.jpg,South Bend Tribune,"South Bend, Indiana, US",21/08/1902,August,1902,JPG,,,,,n
SB_Tribune_August_23_1902,SB_Tribune_August_23_1902.jpg,South Bend Tribune,"South Bend, Indiana, US",23/08/1902,August,1902,JPG,,,,,n
SB_Tribune_August_24_1903,SB_Tribune_August_24_1903.jpg,South Bend Tribune,"South Bend, Indiana, US",24/08/1903,August,1903,JPG,,,,,n
SB_Tribune_August_26_1902,SB_Tribune_August_26_1902.jpg,South Bend Tribune,"South Bend, Indiana, US",26/08/1902,August,1902,JPG,,,,,n
SB_Tribune_August_27_1898,SB_Tribune_August_27_1898.jpg,South Bend Tribune,"South Bend, Indiana, US",27/08/1898,August,1898,JPG,,,,,n
SB_Tribune_August_29_1903,SB_Tribune_August_29_1903.jpg,South Bend Tribune,"South Bend, Indiana, US",29/08/1903,August,1903,JPG,,,,,n
SB_Tribune_August_31_1903_(1),SB_Tribune_August_31_1903_(1).jpg,South Bend Tribune,"South Bend, Indiana, US",31/08/1903,August,1903,JPG,,,,,n
SB_Tribune_August_31_1903,SB_Tribune_August_31_1903.jpg,South Bend Tribune,"South Bend, Indiana, US",31/08/1903,August,1903,JPG,,,,,n
SB_Tribune_August_5_1901_3,SB_Tribune_August_5_1901_3.jpg,South Bend Tribune,"South Bend, Indiana, US",5/8/1901,August,1901,JPG,Pg. 3,,,,n
SB_Tribune_August_5_1901_5,SB_Tribune_August_5_1901_5.jpg,South Bend Tribune,"South Bend, Indiana, US",5/8/1901,August,1901,JPG,Pg. 5,,,,n
SB_Tribune_August_5_1902,SB_Tribune_August_5_1902.jpg,South Bend Tribune,"South Bend, Indiana, US",5/8/1902,August,1902,JPG,,,,,n
SB_Tribune_August_5_1903,SB_Tribune_August_5_1903.jpg,South Bend Tribune,"South Bend, Indiana, US",5/8/1903,August,1903,JPG,,,,,n
SB_Tribune_August_6_1903,SB_Tribune_August_6_1903.jpg,South Bend Tribune,"South Bend, Indiana, US",6/8/1903,August,1903,JPG,,,,,n
SB_Tribune_August_7_1902,SB_Tribune_August_7_1902.jpg,South Bend Tribune,"South Bend, Indiana, US",7/8/1902,August,1902,JPG,,,,,n
SB_Tribune_August_7_1903,SB_Tribune_August_7_1903.jpg,South Bend Tribune,"South Bend, Indiana, US",7/8/1903,August,1903,JPG,,,,,n
SB_Tribune_August_7_1922,SB_Tribune_August_7_1922.jpg,South Bend Tribune,"South Bend, Indiana, US",7/8/1922,August,1922,JPG,,,,,n
SB_Tribune_August_8_1902,SB_Tribune_August_8_1902.jpg,South Bend Tribune,"South Bend, Indiana, US",8/8/1902,August,1902,JPG,,,,,n
SB_Tribune_August_8_1903_(2),SB_Tribune_August_8_1903_(2).jpg,South Bend Tribune,"South Bend, Indiana, US",8/8/1903,August,1903,JPG,,,,,n
SB_Tribune_August_8_1903,SB_Tribune_August_8_1903.jpg,South Bend Tribune,"South Bend, Indiana, US",8/8/1903,August,1903,JPG,,,,,n
SB_Tribune_August_9_1902,SB_Tribune_August_9_1902.jpg,South Bend Tribune,"South Bend, Indiana, US",9/8/1902,August,1902,JPG,,,,,n
SB_Tribune_December_10_1900_3,SB_Tribune_December_10_1900_3.jpg,South Bend Tribune,"South Bend, Indiana, US",10/12/1900,December,1900,JPG,Pg. 3,,,,n
SB_Tribune_December_10_1900_5,SB_Tribune_December_10_1900_5.jpg,South Bend Tribune,"South Bend, Indiana, US",10/12/1900,December,1900,JPG,Pg. 5,,,,n
SB_Tribune_December_14_1903,SB_Tribune_December_14_1903.jpg,South Bend Tribune,"South Bend, Indiana, US",14/12/1903,December,1903,JPG,,,,,n
SB_Tribune_December_19_1904,SB_Tribune_December_19_1904.jpg,South Bend Tribune,"South Bend, Indiana, US",19/12/1904,December,1904,JPG,,,,,n
SB_Tribune_December_22_1903,SB_Tribune_December_22_1903.jpg,South Bend Tribune,"South Bend, Indiana, US",22/12/1903,December,1903,JPG,,,,,n
SB_Tribune_December_26_1903,SB_Tribune_December_26_1903.jpg,South Bend Tribune,"South Bend, Indiana, US",26/12/1903,December,1903,JPG,,,,,n
SB_Tribune_December_26_1904,SB_Tribune_December_26_1904.jpg,South Bend Tribune,"South Bend, Indiana, US",26/12/1904,December,1904,JPG,,,,,n
SB_Tribune_December_27_1904,SB_Tribune_December_27_1904.jpg,South Bend Tribune,"South Bend, Indiana, US",27/12/1904,December,1904,JPG,,,,,n
SB_Tribune_December_28_1903,SB_Tribune_December_28_1903.jpg,South Bend Tribune,"South Bend, Indiana, US",28/12/1903,December,1903,JPG,,,,,n
SB_Tribune_December_29_1902,SB_Tribune_December_29_1902.jpg,South Bend Tribune,"South Bend, Indiana, US",29/12/1902,December,1902,JPG,,,,,n
SB_Tribune_December_30_1902,SB_Tribune_December_30_1902.jpg,South Bend Tribune,"South Bend, Indiana, US",30/12/1902,December,1902,JPG,,,,,n
SB_Tribune_December_30_1903,SB_Tribune_December_30_1903.jpg,South Bend Tribune,"South Bend, Indiana, US",30/12/1903,December,1903,JPG,,,,,n
SB_Tribune_December_6_1901,SB_Tribune_December_6_1901.jpg,South Bend Tribune,"South Bend, Indiana, US",6/12/1901,December,1901,JPG,,,,,n
SB_Tribune_December_6_1918,SB_Tribune_December_6_1918.jpg,South Bend Tribune,"South Bend, Indiana, US",6/12/1918,December,1918,JPG,,Studebaker Indoor league,n,u,y
SB_Tribune_December_8_1887,SB_Tribune_December_8_1887.jpg,South Bend Tribune,"South Bend, Indiana, US",08/12/1887,December,1887,JPG,,,,,n
SB_Tribune_December_8_1904,SB_Tribune_December_8_1904.jpg,South Bend Tribune,"South Bend, Indiana, US",8/12/1904,December,1904,JPG,,,,,n
SB_Tribune_December_8_1909,SB_Tribune_December_8_1909.jpg,South Bend Tribune,"South Bend, Indiana, US",8/12/1909,December,1909,JPG,,,,,n
SB_Tribune_February_1_1908,SB_Tribune_February_1_1908.jpg,South Bend Tribune,"South Bend, Indiana, US",1/2/1908,February,1908,JPG,,,,,n
SB_Tribune_February_10_1902,SB_Tribune_February_10_1902.jpg,South Bend Tribune,"South Bend, Indiana, US",10/2/1902,February,1902,JPG,,,,,n
SB_Tribune_February_10_1903,SB_Tribune_February_10_1903.jpg,South Bend Tribune,"South Bend, Indiana, US",10/2/1903,February,1903,JPG,,,,,n
SB_Tribune_February_12_1902,SB_Tribune_February_12_1902.jpg,South Bend Tribune,"South Bend, Indiana, US",12/2/1902,February,1902,JPG,,,,,n
SB_Tribune_February_13_1903,SB_Tribune_February_13_1903.jpg,South Bend Tribune,"South Bend, Indiana, US",13/02/1903,February,1903,JPG,,,,,n
SB_Tribune_February_13_1904,SB_Tribune_February_13_1904.jpg,South Bend Tribune,"South Bend, Indiana, US",13/02/1904,February,1904,JPG,,,,,n
SB_Tribune_February_2_1903,SB_Tribune_February_2_1903.jpg,South Bend Tribune,"South Bend, Indiana, US",2/2/1903,February,1903,JPG,,,,,n
SB_Tribune_February_20_1903,SB_Tribune_February_20_1903.jpg,South Bend Tribune,"South Bend, Indiana, US",20/02/1903,February,1903,JPG,,,,,n
SB_Tribune_February_21_1903,SB_Tribune_February_21_1903.jpg,South Bend Tribune,"South Bend, Indiana, US",21/02/1903,February,1903,JPG,,,,,n
SB_Tribune_February_3_1903,SB_Tribune_February_3_1903.jpg,South Bend Tribune,"South Bend, Indiana, US",3/2/1903,February,1903,JPG,,,,,n
SB_Tribune_February_5_1903,SB_Tribune_February_5_1903.jpg,South Bend Tribune,"South Bend, Indiana, US",5/2/1903,February,1903,JPG,,,,,n
SB_Tribune_February_6_1900,SB_Tribune_February_6_1900.jpg,South Bend Tribune,"South Bend, Indiana, US",6/2/1900,February,1900,JPG,,,,,n
SB_Tribune_February_7_1903_(1),SB_Tribune_February_7_1903_(1).jpg,South Bend Tribune,"South Bend, Indiana, US",7/2/1903,February,1903,JPG,,,,,n
SB_Tribune_February_7_1903,SB_Tribune_February_7_1903.jpg,South Bend Tribune,"South Bend, Indiana, US",7/2/1903,February,1903,JPG,,,,,n
SB_Tribune_February_9_1903_3,SB_Tribune_February_9_1903_3.jpg,South Bend Tribune,"South Bend, Indiana, US",9/2/1903,February,1903,JPG,Pg. 3,,,,n
SB_Tribune_February_9_1903_front,SB_Tribune_February_9_1903_front.jpg,South Bend Tribune,"South Bend, Indiana, US",9/2/1903,February,1903,JPG,Front,,,,n
SB_Tribune_January_1_1903_(1),SB_Tribune_January_1_1903_(1).jpg,South Bend Tribune,"South Bend, Indiana, US",1/1/1903,January,1903,JPG,,,,,n
SB_Tribune_January_1_1903,SB_Tribune_January_1_1903.jpg,South Bend Tribune,"South Bend, Indiana, US",1/1/1903,January,1903,JPG,,,,,n
SB_Tribune_January_1_1904_(1),SB_Tribune_January_1_1904_(1).jpg,South Bend Tribune,"South Bend, Indiana, US",1/1/1904,January,1904,JPG,,,,,n
SB_Tribune_January_1_1904,SB_Tribune_January_1_1904.jpg,South Bend Tribune,"South Bend, Indiana, US",1/1/1904,January,1904,JPG,,,,,n
SB_Tribune_January_11_1904,SB_Tribune_January_11_1904.jpg,South Bend Tribune,"South Bend, Indiana, US",11/1/1904,January,1904,JPG,,,,,n
SB_Tribune_January_11_1905,SB_Tribune_January_11_1905.jpg,South Bend Tribune,"South Bend, Indiana, US",11/1/1905,January,1905,JPG,,,,,n
SB_Tribune_January_12_1903,SB_Tribune_January_12_1903.jpg,South Bend Tribune,"South Bend, Indiana, US",12/1/1903,January,1903,JPG,,,,,n
SB_Tribune_January_12_1904,SB_Tribune_January_12_1904.jpg,South Bend Tribune,"South Bend, Indiana, US",12/1/1904,January,1904,JPG,,,,,n
SB_Tribune_January_13_1904,SB_Tribune_January_13_1904.jpg,South Bend Tribune,"South Bend, Indiana, US",13/01/1904,January,1904,JPG,,,,,n
SB_Tribune_January_16_1903,SB_Tribune_January_16_1903.jpg,South Bend Tribune,"South Bend, Indiana, US",16/01/1903,January,1903,JPG,,,,,n
SB_Tribune_January_16_1904,SB_Tribune_January_16_1904.jpg,South Bend Tribune,"South Bend, Indiana, US",16/01/1904,January,1904,JPG,,,,,n
SB_Tribune_January_17_1903,SB_Tribune_January_17_1903.jpg,South Bend Tribune,"South Bend, Indiana, US",17/01/1903,January,1903,JPG,,,,,n
SB_Tribune_January_25_1904,SB_Tribune_January_25_1904.jpg,South Bend Tribune,"South Bend, Indiana, US",25/01/1904,January,1904,JPG,,,,,n
SB_Tribune_January_27_1903,SB_Tribune_January_27_1903.jpg,South Bend Tribune,"South Bend, Indiana, US",27/01/1903,January,1903,JPG,,,,,n
SB_Tribune_January_27_1904,SB_Tribune_January_27_1904.jpg,South Bend Tribune,"South Bend, Indiana, US",27/01/1904,January,1904,JPG,,,,,n
SB_Tribune_January_27_1910_(1),SB_Tribune_January_27_1910_(1).jpg,South Bend Tribune,"South Bend, Indiana, US",27/01/1910,January,1910,JPG,,,,,n
SB_Tribune_January_27_1910,SB_Tribune_January_27_1910.jpg,South Bend Tribune,"South Bend, Indiana, US",27/01/1910,January,1910,JPG,,,,,n
SB_Tribune_January_28_1904,SB_Tribune_January_28_1904.jpg,South Bend Tribune,"South Bend, Indiana, US",28/01/1904,January,1904,JPG,,,,,n
SB_Tribune_January_3_1903,SB_Tribune_January_3_1903.jpg,South Bend Tribune,"South Bend, Indiana, US",3/1/1903,January,1903,JPG,,,,,n
SB_Tribune_January_4_1904,SB_Tribune_January_4_1904.jpg,South Bend Tribune,"South Bend, Indiana, US",4/1/1904,January,1904,JPG,,,,,n
SB_Tribune_January_5_1903,SB_Tribune_January_5_1903.jpg,South Bend Tribune,"South Bend, Indiana, US",5/1/1903,January,1903,JPG,,,,,n
SB_Tribune_January_5_1904,SB_Tribune_January_5_1904.jpg,South Bend Tribune,"South Bend, Indiana, US",5/1/1904,January,1904,JPG,,,,,n
SB_Tribune_January_6_1904,SB_Tribune_January_6_1904.jpg,South Bend Tribune,"South Bend, Indiana, US",6/1/1904,January,1904,JPG,,,,,n
SB_Tribune_January_7_1903,SB_Tribune_January_7_1903.jpg,South Bend Tribune,"South Bend, Indiana, US",7/1/1903,January,1903,JPG,,,,,n
SB_Tribune_January_9_1903,SB_Tribune_January_9_1903.jpg,South Bend Tribune,"South Bend, Indiana, US",9/1/1903,January,1903,JPG,,,,,n
SB_Tribune_January_9_1904,SB_Tribune_January_9_1904.jpg,South Bend Tribune,"South Bend, Indiana, US",9/1/1904,January,1904,JPG,,,,,n
SB_Tribune_July_1_1901,SB_Tribune_July_1_1901.jpg,South Bend Tribune,"South Bend, Indiana, US",1/7/1901,July,1901,JPG,,,,,n
SB_Tribune_July_1_1902,SB_Tribune_July_1_1902.jpg,South Bend Tribune,"South Bend, Indiana, US",1/7/1902,July,1902,JPG,,,,,n
SB_Tribune_July_10_1901,SB_Tribune_July_10_1901.jpg,South Bend Tribune,"South Bend, Indiana, US",10/7/1901,July,1901,JPG,,,,,n
SB_Tribune_July_10_1903,SB_Tribune_July_10_1903.jpg,South Bend Tribune,"South Bend, Indiana, US",10/7/1903,July,1903,JPG,,,,,n
SB_Tribune_July_11_1902,SB_Tribune_July_11_1902.jpg,South Bend Tribune,"South Bend, Indiana, US",11/7/1902,July,1902,JPG,,,,,n
SB_Tribune_July_11_1903,SB_Tribune_July_11_1903.jpg,South Bend Tribune,"South Bend, Indiana, US",11/7/1903,July,1903,JPG,,,,,n
SB_Tribune_July_11_1904,SB_Tribune_July_11_1904.jpg,South Bend Tribune,"South Bend, Indiana, US",11/7/1904,July,1904,JPG,,,,,n
SB_Tribune_July_13_1903,SB_Tribune_July_13_1903.jpg,South Bend Tribune,"South Bend, Indiana, US",13/07/1903,July,1903,JPG,,,,,n
SB_Tribune_July_14_1902,SB_Tribune_July_14_1902.jpg,South Bend Tribune,"South Bend, Indiana, US",14/07/1902,July,1902,JPG,,,,,n
SB_Tribune_July_14_1903,SB_Tribune_July_14_1903.jpg,South Bend Tribune,"South Bend, Indiana, US",14/07/1903,July,1903,JPG,,,,,n
SB_Tribune_July_15_1902,SB_Tribune_July_15_1902.jpg,South Bend Tribune,"South Bend, Indiana, US",15/07/1902,July,1902,JPG,,,,,n
SB_Tribune_July_15_1903,SB_Tribune_July_15_1903.jpg,South Bend Tribune,"South Bend, Indiana, US",15/07/1903,July,1903,JPG,,,,,n
SB_Tribune_July_16_1903,SB_Tribune_July_16_1903.jpg,South Bend Tribune,"South Bend, Indiana, US",16/07/1903,July,1903,JPG,,,,,n
SB_Tribune_July_16_1904,SB_Tribune_July_16_1904.jpg,South Bend Tribune,"South Bend, Indiana, US",16/07/1904,July,1904,JPG,,,,,n
SB_Tribune_July_17_1903,SB_Tribune_July_17_1903.jpg,South Bend Tribune,"South Bend, Indiana, US",17/07/1903,July,1903,JPG,,,,,n
SB_Tribune_July_18_1903,SB_Tribune_July_18_1903.jpg,South Bend Tribune,"South Bend, Indiana, US",18/07/1903,July,1903,JPG,,,,,n
SB_Tribune_July_2_1901,SB_Tribune_July_2_1901.jpg,South Bend Tribune,"South Bend, Indiana, US",2/7/1901,July,1901,JPG,,,,,n
SB_Tribune_July_2_1903,SB_Tribune_July_2_1903.jpg,South Bend Tribune,"South Bend, Indiana, US",2/7/1903,July,1903,JPG,,,,,n
SB_Tribune_July_20_1903,SB_Tribune_July_20_1903.jpg,South Bend Tribune,"South Bend, Indiana, US",20/07/1903,July,1903,JPG,,,,,n
SB_Tribune_July_21_1902,SB_Tribune_July_21_1902.jpg,South Bend Tribune,"South Bend, Indiana, US",21/07/1902,July,1902,JPG,,,,,n
SB_Tribune_July_22_1903,SB_Tribune_July_22_1903.jpg,South Bend Tribune,"South Bend, Indiana, US",22/07/1903,July,1903,JPG,,,,,n
SB_Tribune_July_22_1909,SB_Tribune_July_22_1909.jpg,South Bend Tribune,"South Bend, Indiana, US",22/07/1909,July,1909,JPG,,,,,n
SB_Tribune_July_23_1902,SB_Tribune_July_23_1902.jpg,South Bend Tribune,"South Bend, Indiana, US",23/07/1902,July,1902,JPG,,,,,n
SB_Tribune_July_23_1903,SB_Tribune_July_23_1903.jpg,South Bend Tribune,"South Bend, Indiana, US",23/07/1903,July,1903,JPG,,,,,n
SB_Tribune_July_25_1940,SB_Tribune_July_25_1940.jpg,South Bend Tribune,"South Bend, Indiana, US",25/07/1940,July,1940,JPG,,Studebaker Athletics,y,n,y
SB_Tribune_July_26_1901,SB_Tribune_July_26_1901.jpg,South Bend Tribune,"South Bend, Indiana, US",26/07/1901,July,1901,JPG,,,,,n
SB_Tribune_July_27_1903,SB_Tribune_July_27_1903.jpg,South Bend Tribune,"South Bend, Indiana, US",27/07/1903,July,1903,JPG,,,,,n
SB_Tribune_July_28_1919,SB_Tribune_July_28_1919.jpg,South Bend Tribune,"South Bend, Indiana, US",28/07/1919,July,1919,JPG,,"Studebaker Team, Branch Team from Detroit",y,n,y
SB_Tribune_July_29_1901,SB_Tribune_July_29_1901.jpg,South Bend Tribune,"South Bend, Indiana, US",29/07/1901,July,1901,JPG,,,,,n
SB_Tribune_July_3_1903,SB_Tribune_July_3_1903.jpg,South Bend Tribune,"South Bend, Indiana, US",3/7/1903,July,1903,JPG,,,,,n
SB_Tribune_July_3_1945,SB_Tribune_July_3_1945.jpg,South Bend Tribune,"South Bend, Indiana, US",3/7/1945,July,1945,JPG,Obituary for Studebaker Giants Player!,Studebaker Giants,n,y,y
SB_Tribune_July_3_1991,SB_Tribune_July_3_1991.jpg,South Bend Tribune,"South Bend, Indiana, US",3/7/1991,July,1991,JPG,,,,,n
SB_Tribune_July_30_1904,SB_Tribune_July_30_1904.jpg,South Bend Tribune,"South Bend, Indiana, US",30/07/1904,July,1904,JPG,,,,,n
SB_Tribune_July_y_18_1926_clipped,SB_Tribune_July_y_18_1926_clipped.jpg,South Bend Tribune,"South Bend, Indiana, US",18/07/1926,July,1926,JPG,,"Giants, Buchanan Blues",n,y,y
SB_Tribune_July_y_23_1903_(1),SB_Tribune_July_y_23_1903_(1).jpg,South Bend Tribune,"South Bend, Indiana, US",23/07/1903,July,1903,JPG,,,,,n
SB_Tribune_June_1_1901,SB_Tribune_June_1_1901.jpg,South Bend Tribune,"South Bend, Indiana, US",1/6/1901,June,1901,JPG,,,,,n
SB_Tribune_June_1_1903,SB_Tribune_June_1_1903.jpg,South Bend Tribune,"South Bend, Indiana, US",1/6/1903,June,1903,JPG,,,,,n
SB_Tribune_June_1_1926_clipped,SB_Tribune_June_1_1926_clipped.jpg,South Bend Tribune,"South Bend, Indiana, US",1/6/1926,June,1926,JPG,,"Colored Giants, Angola",y,y,y
SB_Tribune_June_11_1902,SB_Tribune_June_11_1902.jpg,South Bend Tribune,"South Bend, Indiana, US",11/6/1902,June,1902,JPG,,,,,n
SB_Tribune_June_11_1903,SB_Tribune_June_11_1903.jpg,South Bend Tribune,"South Bend, Indiana, US",11/6/1903,June,1903,JPG,,,,,n
SB_Tribune_June_12_1902,SB_Tribune_June_12_1902.jpg,South Bend Tribune,"South Bend, Indiana, US",12/6/1902,June,1902,JPG,,,,,n
SB_Tribune_June_13_1896,SB_Tribune_June_13_1896.jpg,South Bend Tribune,"South Bend, Indiana, US",13/06/1896,June,1896,JPG,,,,,n
SB_Tribune_June_15_1904,SB_Tribune_June_15_1904.jpg,South Bend Tribune,"South Bend, Indiana, US",15/06/1904,June,1904,JPG,,,,,n
SB_Tribune_June_16_1911,SB_Tribune_June_16_1911.jpg,South Bend Tribune,"South Bend, Indiana, US",16/06/1911,June,1911,JPG,,Studebaker Junior team,n,n,y
SB_Tribune_June_17_1903,SB_Tribune_June_17_1903.jpg,South Bend Tribune,"South Bend, Indiana, US",17/06/1903,June,1903,JPG,,,,,n
SB_Tribune_June_18_1900,SB_Tribune_June_18_1900.jpg,South Bend Tribune,"South Bend, Indiana, US",18/06/1900,June,1900,JPG,,,,,n
SB_Tribune_June_18_1903,SB_Tribune_June_18_1903.jpg,South Bend Tribune,"South Bend, Indiana, US",18/06/1903,June,1903,JPG,,,,,n
SB_Tribune_June_18_1904,SB_Tribune_June_18_1904.jpg,South Bend Tribune,"South Bend, Indiana, US",18/06/1904,June,1904,JPG,,,,,n
SB_Tribune_June_18_1940,SB_Tribune_June_18_1940.jpg,South Bend Tribune,"South Bend, Indiana, US",18/06/1940,June,1940,JPG,,"A's, Bisons",n,n,y
SB_Tribune_June_19_1903,SB_Tribune_June_19_1903.jpg,South Bend Tribune,"South Bend, Indiana, US",19/06/1903,June,1903,JPG,,,,,n
SB_Tribune_June_2_1902,SB_Tribune_June_2_1902.jpg,South Bend Tribune,"South Bend, Indiana, US",2/6/1902,June,1902,JPG,,,,,n
SB_Tribune_June_2_1903,SB_Tribune_June_2_1903.jpg,South Bend Tribune,"South Bend, Indiana, US",2/6/1903,June,1903,JPG,,,,,n
SB_Tribune_June_21_1904,SB_Tribune_June_21_1904.jpg,South Bend Tribune,"South Bend, Indiana, US",21/06/1904,June,1904,JPG,,,,,n
SB_Tribune_June_22_1905,SB_Tribune_June_22_1905.jpg,South Bend Tribune,"South Bend, Indiana, US",22/06/1905,June,1905,JPG,,,,,n
SB_Tribune_June_23_1902,SB_Tribune_June_23_1902.jpg,South Bend Tribune,"South Bend, Indiana, US",23/06/1902,June,1902,JPG,,,,,n
SB_Tribune_June_24_1902,SB_Tribune_June_24_1902.jpg,South Bend Tribune,"South Bend, Indiana, US",24/06/1902,June,1902,JPG,,,,,n
SB_Tribune_June_25_1903,SB_Tribune_June_25_1903.jpg,South Bend Tribune,"South Bend, Indiana, US",25/06/1903,June,1903,JPG,,,,,n
SB_Tribune_June_27_1902,SB_Tribune_June_27_1902.jpg,South Bend Tribune,"South Bend, Indiana, US",27/06/1902,June,1902,JPG,,,,,n
SB_Tribune_June_27_1903,SB_Tribune_June_27_1903.jpg,South Bend Tribune,"South Bend, Indiana, US",27/06/1903,June,1903,JPG,,,,,n
SB_Tribune_June_28_1901,SB_Tribune_June_28_1901.jpg,South Bend Tribune,"South Bend, Indiana, US",28/06/1901,June,1901,JPG,,,,,n
SB_Tribune_June_28_1902,SB_Tribune_June_28_1902.jpg,South Bend Tribune,"South Bend, Indiana, US",28/06/1902,June,1902,JPG,,,,,n
SB_Tribune_June_3_1901,SB_Tribune_June_3_1901.jpg,South Bend Tribune,"South Bend, Indiana, US",3/6/1901,June,1901,JPG,,,,,n
SB_Tribune_June_3_1903_7,SB_Tribune_June_3_1903_7.jpg,South Bend Tribune,"South Bend, Indiana, US",3/6/1903,June,1903,JPG,Pg. 7,,,,n
SB_Tribune_June_3_1903_cover,SB_Tribune_June_3_1903_cover.jpg,South Bend Tribune,"South Bend, Indiana, US",3/6/1903,June,1903,JPG,Cover,,,,n
SB_Tribune_June_30_1902,SB_Tribune_June_30_1902.jpg,South Bend Tribune,"South Bend, Indiana, US",30/06/1902,June,1902,JPG,,,,,n
SB_Tribune_June_30_1903,SB_Tribune_June_30_1903.jpg,South Bend Tribune,"South Bend, Indiana, US",30/06/1903,June,1903,JPG,,,,,n
SB_Tribune_June_30_1910,SB_Tribune_June_30_1910.jpg,South Bend Tribune,"South Bend, Indiana, US",30/06/1910,June,1910,JPG,,,,,n
SB_Tribune_June_5_1902,SB_Tribune_June_5_1902.jpg,South Bend Tribune,"South Bend, Indiana, US",5/6/1902,June,1902,JPG,,,,,n
SB_Tribune_June_5_1913_clip,SB_Tribune_June_5_1913_clip.jpg,South Bend Tribune,"South Bend, Indiana, US",5/6/1913,June,1913,JPG,"some names of other teams, schedule, park names","Mishawaka park, schedule, Mishawaka Woolen co, Studebaker gaem, singer park, ",n,n,y
SB_Tribune_June_6_1902,SB_Tribune_June_6_1902.jpg,South Bend Tribune,"South Bend, Indiana, US",6/6/1902,June,1902,JPG,,,,,n
SB_Tribune_June_6_1903,SB_Tribune_June_6_1903.jpg,South Bend Tribune,"South Bend, Indiana, US",6/6/1903,June,1903,JPG,,,,,n
SB_Tribune_June_7_1902,SB_Tribune_June_7_1902.jpg,South Bend Tribune,"South Bend, Indiana, US",7/6/1902,June,1902,JPG,,,,,n
SB_Tribune_June_7_1940,SB_Tribune_June_7_1940.jpg,South Bend Tribune,"South Bend, Indiana, US",7/6/1940,June,1940,JPG,,"Athletics, Elkhart",n,y,y
SB_Tribune_June_8_1903_(1),SB_Tribune_June_8_1903_(1).jpg,South Bend Tribune,"South Bend, Indiana, US",8/6/1903,June,1903,JPG,,,,,n
SB_Tribune_June_8_1903,SB_Tribune_June_8_1903.jpg,South Bend Tribune,"South Bend, Indiana, US",8/6/1903,June,1903,JPG,,,,,n
SB_Tribune_June_9_1902,SB_Tribune_June_9_1902.jpg,South Bend Tribune,"South Bend, Indiana, US",9/6/1902,June,1902,JPG,,,,,n
SB_Tribune_June_9_1903,SB_Tribune_June_9_1903.jpg,South Bend Tribune,"South Bend, Indiana, US",9/6/1903,June,1903,JPG,,,,,n
SB_Tribune_March_14_1903,SB_Tribune_March_14_1903.jpg,South Bend Tribune,"South Bend, Indiana, US",14/03/1903,March,1903,JPG,,,,,n
SB_Tribune_March_16_1903,SB_Tribune_March_16_1903.jpg,South Bend Tribune,"South Bend, Indiana, US",16/03/1903,March,1903,JPG,,,,,n
SB_Tribune_March_18_1899,SB_Tribune_March_18_1899.jpg,South Bend Tribune,"South Bend, Indiana, US",18/03/1899,March,1899,JPG,,,,,n
SB_Tribune_March_19_1903,SB_Tribune_March_19_1903.jpg,South Bend Tribune,"South Bend, Indiana, US",19/03/1903,March,1903,JPG,,,,,n
SB_Tribune_March_2_1903,SB_Tribune_March_2_1903.jpg,South Bend Tribune,"South Bend, Indiana, US",2/3/1903,March,1903,JPG,,,,,n
SB_Tribune_March_23_1903,SB_Tribune_March_23_1903.jpg,South Bend Tribune,"South Bend, Indiana, US",23/03/1903,March,1903,JPG,,,,,n
SB_Tribune_March_25_1903,SB_Tribune_March_25_1903.jpg,South Bend Tribune,"South Bend, Indiana, US",25/03/1903,March,1903,JPG,,,,,n
SB_Tribune_March_29_1898,SB_Tribune_March_29_1898.jpg,South Bend Tribune,"South Bend, Indiana, US",29/03/1898,March,1898,JPG,,,,,n
SB_Tribune_March_3_1902,SB_Tribune_March_3_1902.jpg,South Bend Tribune,"South Bend, Indiana, US",3/3/1902,March,1902,JPG,,,,,n
SB_Tribune_March_30_1903_(1),SB_Tribune_March_30_1903_(1).jpg,South Bend Tribune,"South Bend, Indiana, US",30/03/1903,March,1903,JPG,,,,,n
SB_Tribune_March_30_1903,SB_Tribune_March_30_1903.jpg,South Bend Tribune,"South Bend, Indiana, US",30/03/1903,March,1903,JPG,,,,,n
SB_Tribune_March_31_1903_(1),SB_Tribune_March_31_1903_(1).jpg,South Bend Tribune,"South Bend, Indiana, US",31/03/1903,March,1903,JPG,,,,,n
SB_Tribune_March_31_1903,SB_Tribune_March_31_1903.jpg,South Bend Tribune,"South Bend, Indiana, US",31/03/1903,March,1903,JPG,,,,,n
SB_Tribune_March_4_1902,SB_Tribune_March_4_1902.jpg,South Bend Tribune,"South Bend, Indiana, US",4/3/1902,March,1902,JPG,,,,,n
SB_Tribune_March_4_1911_(1),SB_Tribune_March_4_1911_(1).jpg,South Bend Tribune,"South Bend, Indiana, US",4/3/1911,March,1911,JPG,,,,,n
SB_Tribune_March_4_1911,SB_Tribune_March_4_1911.jpg,South Bend Tribune,"South Bend, Indiana, US",4/3/1911,March,1911,JPG,,,,,n
SB_Tribune_March_7_1903,SB_Tribune_March_7_1903.jpg,South Bend Tribune,"South Bend, Indiana, US",7/3/1903,March,1903,JPG,,,,,n
SB_Tribune_March_9_1903_3,SB_Tribune_March_9_1903_3.jpg,South Bend Tribune,"South Bend, Indiana, US",9/3/1903,March,1903,JPG,Pg. 3,,,,n
SB_Tribune_March_9_1903_cover,SB_Tribune_March_9_1903_cover.jpg,South Bend Tribune,"South Bend, Indiana, US",9/3/1903,March,1903,JPG,Cover,,,,n
SB_Tribune_May_10_1901,SB_Tribune_May_10_1901.jpg,South Bend Tribune,"South Bend, Indiana, US",10/5/1901,May,1901,JPG,,,,,n
SB_Tribune_May_10_1904,SB_Tribune_May_10_1904.jpg,South Bend Tribune,"South Bend, Indiana, US",10/5/1904,May,1904,JPG,,,,,n
SB_Tribune_May_11_1904,SB_Tribune_May_11_1904.jpg,South Bend Tribune,"South Bend, Indiana, US",11/5/1904,May,1904,JPG,,,,,n
SB_Tribune_May_12_1902,SB_Tribune_May_12_1902.jpg,South Bend Tribune,"South Bend, Indiana, US",12/5/1902,May,1902,JPG,,,,,n
SB_Tribune_May_12_1903,SB_Tribune_May_12_1903.jpg,South Bend Tribune,"South Bend, Indiana, US",12/5/1903,May,1903,JPG,,,,,n
SB_Tribune_May_13_1903,SB_Tribune_May_13_1903.jpg,South Bend Tribune,"South Bend, Indiana, US",13/05/1903,May,1903,JPG,,,,,n
SB_Tribune_May_14_1903,SB_Tribune_May_14_1903.jpg,South Bend Tribune,"South Bend, Indiana, US",14/05/1903,May,1903,JPG,,,,,n
SB_Tribune_May_14_1904,SB_Tribune_May_14_1904.jpg,South Bend Tribune,"South Bend, Indiana, US",14/05/1904,May,1904,JPG,,,,,n
SB_Tribune_May_15_1903,SB_Tribune_May_15_1903.jpg,South Bend Tribune,"South Bend, Indiana, US",15/05/1903,May,1903,JPG,,,,,n
SB_Tribune_May_16_1901,SB_Tribune_May_16_1901.jpg,South Bend Tribune,"South Bend, Indiana, US",16/05/1901,May,1901,JPG,,,,,n
SB_Tribune_May_16_1902,SB_Tribune_May_16_1902.jpg,South Bend Tribune,"South Bend, Indiana, US",16/05/1902,May,1902,JPG,,,,,n
SB_Tribune_May_2_1903,SB_Tribune_May_2_1903.jpg,South Bend Tribune,"South Bend, Indiana, US",2/5/1903,May,1903,JPG,,,,,n
SB_Tribune_May_2_1904,SB_Tribune_May_2_1904.jpg,South Bend Tribune,"South Bend, Indiana, US",2/5/1904,May,1904,JPG,,,,,n
SB_Tribune_May_2_1997,SB_Tribune_May_2_1997.jpg,South Bend Tribune,"South Bend, Indiana, US",2/5/1997,May,1997,JPG,,,,,n
SB_Tribune_May_20_1904,SB_Tribune_May_20_1904.jpg,South Bend Tribune,"South Bend, Indiana, US",20/05/1904,May,1904,JPG,,,,,n
SB_Tribune_May_21_1903,SB_Tribune_May_21_1903.jpg,South Bend Tribune,"South Bend, Indiana, US",21/05/1903,May,1903,JPG,,,,,n
SB_Tribune_May_21_1904,SB_Tribune_May_21_1904.jpg,South Bend Tribune,"South Bend, Indiana, US",21/05/1904,May,1904,JPG,,,,,n
SB_Tribune_May_21_1926_clipped,SB_Tribune_May_21_1926_clipped.jpg,South Bend Tribune,"South Bend, Indiana, US",21/05/1926,May,1926,JPG,"Mention of a ""George Cassady"" as an owner? Article says ""George Cassady's Giants""","Studebaker Giants, Mishawaka Indestructos, Benders",n,n,y
SB_Tribune_May_22_1903,SB_Tribune_May_22_1903.jpg,South Bend Tribune,"South Bend, Indiana, US",22/05/1903,May,1903,JPG,,,,,n
SB_Tribune_May_23_1903,SB_Tribune_May_23_1903.jpg,South Bend Tribune,"South Bend, Indiana, US",23/05/1903,May,1903,JPG,,,,,n
SB_Tribune_May_23_1962,SB_Tribune_May_23_1962.jpg,South Bend Tribune,"South Bend, Indiana, US",23/05/1962,May,1962,JPG,,,,,n
SB_Tribune_May_27_1903_(1),SB_Tribune_May_27_1903_(1).jpg,South Bend Tribune,"South Bend, Indiana, US",27/05/1903,May,1903,JPG,,,,,n
SB_Tribune_May_27_1903,SB_Tribune_May_27_1903.jpg,South Bend Tribune,"South Bend, Indiana, US",27/05/1903,May,1903,JPG,,,,,n
SB_Tribune_May_3_1902,SB_Tribune_May_3_1902.jpg,South Bend Tribune,"South Bend, Indiana, US",3/5/1902,May,1902,JPG,,,,,n
SB_Tribune_May_3_1904,SB_Tribune_May_3_1904.jpg,South Bend Tribune,"South Bend, Indiana, US",3/5/1904,May,1904,JPG,,,,,n
SB_Tribune_May_30_1904,SB_Tribune_May_30_1904.jpg,South Bend Tribune,"South Bend, Indiana, US",30/05/1904,May,1904,JPG,,,,,n
SB_Tribune_May_30_1926_clipped,SB_Tribune_May_30_1926_clipped.jpg,South Bend Tribune,"South Bend, Indiana, US",30/05/1926,May,1926,JPG,,"Giants, Policemen (literally a team of police officers)",y,y,y
SB_Tribune_May_31_1904,SB_Tribune_May_31_1904.jpg,South Bend Tribune,"South Bend, Indiana, US",31/05/1904,May,1904,JPG,,,,,n
SB_Tribune_May_6_1901,SB_Tribune_May_6_1901.jpg,South Bend Tribune,"South Bend, Indiana, US",6/5/1901,May,1901,JPG,,,,,n
SB_Tribune_May_6_1903,SB_Tribune_May_6_1903.jpg,South Bend Tribune,"South Bend, Indiana, US",6/5/1903,May,1903,JPG,,,,,n
SB_Tribune_May_7_1903,SB_Tribune_May_7_1903.jpg,South Bend Tribune,"South Bend, Indiana, US",7/5/1903,May,1903,JPG,,,,,n
SB_Tribune_May_8_1903,SB_Tribune_May_8_1903.jpg,South Bend Tribune,"South Bend, Indiana, US",8/5/1903,May,1903,JPG,,,,,n
SB_Tribune_May_8_1909,SB_Tribune_May_8_1909.jpg,South Bend Tribune,"South Bend, Indiana, US",8/5/1909,May,1909,JPG,,,,,n
SB_Tribune_May_8_1914,SB_Tribune_May_8_1914.jpg,South Bend Tribune,"South Bend, Indiana, US",8/5/1914,May,1914,JPG,Studebaker club played Notre dame at Notre dame!,"Studebaker Club, Notre Dame (Sorin)",n,y,y
SB_Tribune_November_15_1904,SB_Tribune_November_15_1904.jpg,South Bend Tribune,"South Bend, Indiana, US",15/11/1904,November,1904,JPG,,,,,n
SB_Tribune_November_23_1904,SB_Tribune_November_23_1904.jpg,South Bend Tribune,"South Bend, Indiana, US",23/11/1904,November,1904,JPG,,,,,n
SB_Tribune_October_01_1926,SB_Tribune_October_01_1926.jpg,South Bend Tribune,"South Bend, Indiana, US",1/10/1926,October,1926,JPG,,,,,n
SB_Tribune_October_19_1940,SB_Tribune_October_19_1940.jpg,South Bend Tribune,"South Bend, Indiana, US",19/10/1940,October,1940,JPG,Team was asked to join semi pro league but foreman denied,Studebaker Athletics,n,n,y
SB_Tribune_October_24_1903,SB_Tribune_October_24_1903.jpg,South Bend Tribune,"South Bend, Indiana, US",24/10/1903,October,1903,JPG,,,,,n
SB_Tribune_October_28_1903,SB_Tribune_October_28_1903.jpg,South Bend Tribune,"South Bend, Indiana, US",28/10/1903,October,1903,JPG,,,,,n
SB_Tribune_October_29_1903_(1),SB_Tribune_October_29_1903_(1).jpg,South Bend Tribune,"South Bend, Indiana, US",29/10/1903,October,1903,JPG,,,,,n
SB_Tribune_October_3_1927,SB_Tribune_October_3_1927.jpg,South Bend Tribune,"South Bend, Indiana, US",3/10/1927,October,1927,JPG,,,,,n
SB_Tribune_October_4_1995,SB_Tribune_October_4_1995.jpg,South Bend Tribune,"South Bend, Indiana, US",4/10/1995,October,1995,JPG,,,,,n
SB_Tribune_October_5_1903,SB_Tribune_October_5_1903.jpg,South Bend Tribune,"South Bend, Indiana, US",5/10/1903,October,1903,JPG,,,,,n
SB_Tribune_October_5_1904,SB_Tribune_October_5_1904.jpg,South Bend Tribune,"South Bend, Indiana, US",5/10/1904,October,1904,JPG,,,,,n
SB_Tribune_October_6_1903,SB_Tribune_October_6_1903.jpg,South Bend Tribune,"South Bend, Indiana, US",6/10/1903,October,1903,JPG,,,,,n
SB_Tribune_October_7_1903,SB_Tribune_October_7_1903.jpg,South Bend Tribune,"South Bend, Indiana, US",7/10/1903,October,1903,JPG,,,,,n
SB_Tribune_September_10_1903,SB_Tribune_September_10_1903.jpg,South Bend Tribune,"South Bend, Indiana, US",10/9/1903,September,1903,JPG,,,,,n
SB_Tribune_September_11_1903,SB_Tribune_September_11_1903.jpg,South Bend Tribune,"South Bend, Indiana, US",11/9/1903,September,1903,JPG,,,,,n
SB_Tribune_September_15_1903,SB_Tribune_September_15_1903.jpg,South Bend Tribune,"South Bend, Indiana, US",15/09/1903,September,1903,JPG,,,,,n
SB_Tribune_September_16_1903,SB_Tribune_September_16_1903.jpg,South Bend Tribune,"South Bend, Indiana, US",16/09/1903,September,1903,JPG,,,,,n
SB_Tribune_September_19_1919,SB_Tribune_September_19_1919.jpg,South Bend Tribune,"South Bend, Indiana, US",19/09/1919,September,1919,JPG,They are playing for the city championship,"Studebaker Baseball, Singers",n,y,y
SB_Tribune_September_20_1904,SB_Tribune_September_20_1904.jpg,South Bend Tribune,"South Bend, Indiana, US",20/09/1904,September,1904,JPG,,,,,n
SB_Tribune_September_22_1940,SB_Tribune_September_22_1940.jpg,South Bend Tribune,"South Bend, Indiana, US",22/09/1940,September,1940,JPG,,A's,n,n,y
SB_Tribune_September_3_1903,SB_Tribune_September_3_1903.jpg,South Bend Tribune,"South Bend, Indiana, US",3/9/1903,September,1903,JPG,,,,,n
SB_Tribune_September_3_2007,SB_Tribune_September_3_2007.jpg,South Bend Tribune,"South Bend, Indiana, US",3/9/2007,September,2007,JPG,,,,,n
SB_Tribune_September_30_1903,SB_Tribune_September_30_1903.jpg,South Bend Tribune,"South Bend, Indiana, US",30/09/1903,September,1903,JPG,,,,,n
SB_Tribune_September_5_1903,SB_Tribune_September_5_1903.jpg,South Bend Tribune,"South Bend, Indiana, US",5/9/1903,September,1903,JPG,,,,,n
SB_Tribune_September_8_1903,SB_Tribune_September_8_1903.jpg,South Bend Tribune,"South Bend, Indiana, US",8/9/1903,September,1903,JPG,,,,,n
